epoch,time,train/box_loss,train/cls_loss,train/dfl_loss,metrics/precision(B),metrics/recall(B),metrics/mAP50(B),metrics/mAP50-95(B),val/box_loss,val/cls_loss,val/dfl_loss,lr/pg0,lr/pg1,lr/pg2
1,6.67694,2.01733,2.93273,2.03025,0.00029,0.06122,0.00017,0.00011,1.73463,14.224,1.48774,0.094006,6e-06,6e-06
2,13.2902,1.56698,2.76236,1.66221,0.00029,0.06122,0.00017,0.00011,1.81429,12.6251,1.53386,0.087013,1.29571e-05,1.29571e-05
3,19.8552,1.6134,2.61203,1.67536,0.00029,0.06122,0.00017,0.0001,1.98131,8.91729,1.48566,0.0800199,1.9868e-05,1.9868e-05
4,26.4129,1.47448,2.54565,1.60844,0.00029,0.06122,0.00019,0.00012,1.88801,9.3143,1.36052,0.0730267,2.67327e-05,2.67327e-05
5,32.9703,1.59981,2.48298,1.66272,0.00029,0.06122,0.00027,0.00013,1.77191,10.5621,1.23631,0.0660336,3.35512e-05,3.35512e-05
6,39.5063,1.55147,2.35006,1.62126,0.00029,0.06122,0.00026,0.00014,1.63213,9.5705,1.2242,0.0590403,4.03235e-05,4.03235e-05
7,46.0562,1.50537,2.29706,1.58743,0.00029,0.06122,0.00023,0.00012,1.5782,8.85672,1.19527,0.052047,4.70496e-05,4.70496e-05
8,52.5248,1.50397,2.21577,1.56864,0.00029,0.06122,0.00026,0.00014,1.4827,7.55962,1.09948,0.0450537,5.37295e-05,5.37295e-05
9,59.0285,1.55671,2.10462,1.5986,0.00029,0.06122,0.00026,0.00017,1.25414,6.5017,1.06873,0.0380604,6.03632e-05,6.03632e-05
10,65.4182,1.49898,2.01841,1.54009,0.00032,0.06122,0.00036,0.00025,1.1854,5.97887,1.05113,0.031067,6.69507e-05,6.69507e-05
11,71.9015,1.49902,1.98906,1.49808,0.00039,0.06122,0.00065,0.00042,1.10282,5.61466,1.04168,0.0240735,7.3492e-05,7.3492e-05
12,78.3081,1.51399,1.93534,1.53552,0.00049,0.06122,0.00139,0.0009,1.21259,5.29747,1.10527,0.01708,7.99871e-05,7.99871e-05
13,84.6543,1.39378,1.84031,1.46681,0.00048,0.06122,0.00158,0.001,1.2645,5.27928,1.13001,0.0100864,8.6436e-05,8.6436e-05
14,91.027,1.3784,1.80242,1.43076,0.00044,0.06122,0.00202,0.00147,1.36112,5.18395,1.20105,0.00309284,9.28387e-05,9.28387e-05
15,97.4302,1.3749,1.80377,1.45418,0.02936,0.06122,0.00249,0.00181,1.39869,5.12018,1.21448,9.538e-05,9.538e-05,9.538e-05
16,103.805,1.44533,1.80671,1.50381,0.0464,0.04082,0.00342,0.00263,1.41086,5.00341,1.22181,9.505e-05,9.505e-05,9.505e-05
17,110.169,1.35284,1.82725,1.44441,0.05775,0.04082,0.00406,0.00312,1.41671,4.99396,1.20874,9.472e-05,9.472e-05,9.472e-05
18,116.574,1.37409,1.71364,1.44057,0.07075,0.04082,0.00666,0.00492,1.45778,4.90897,1.21441,9.439e-05,9.439e-05,9.439e-05
19,122.978,1.38935,1.78095,1.46396,0.18177,0.06122,0.01408,0.00973,1.44241,5.01955,1.1906,9.406e-05,9.406e-05,9.406e-05
20,129.359,1.31083,1.74848,1.41358,0.20259,0.06122,0.01639,0.01105,1.42946,5.03269,1.17667,9.373e-05,9.373e-05,9.373e-05
21,135.732,1.36355,1.78597,1.42462,0.24268,0.06122,0.01964,0.01298,1.42967,5.0664,1.17693,9.34e-05,9.34e-05,9.34e-05
22,142.137,1.38726,1.72598,1.4687,0.25857,0.06122,0.01964,0.01281,1.41194,5.09512,1.15541,9.307e-05,9.307e-05,9.307e-05
23,148.497,1.34748,1.77881,1.44763,0.22244,0.04711,0.02065,0.01386,1.38795,4.98875,1.14748,9.274e-05,9.274e-05,9.274e-05
24,154.86,1.29921,1.67215,1.38997,0.20773,0.04082,0.01988,0.01344,1.38787,4.99319,1.14837,9.241e-05,9.241e-05,9.241e-05
25,161.247,1.32724,1.61293,1.38502,0.2036,0.04082,0.01921,0.01333,1.38375,4.98987,1.14719,9.208e-05,9.208e-05,9.208e-05
26,167.633,1.18865,1.63404,1.3047,0.31599,0.04082,0.02313,0.0173,1.37542,5.20327,1.14132,9.175e-05,9.175e-05,9.175e-05
27,174.012,1.29628,1.67136,1.37866,0.35044,0.04082,0.02372,0.01771,1.37201,5.5231,1.15012,9.142e-05,9.142e-05,9.142e-05
28,180.416,1.36468,1.62355,1.4162,0.43964,0.04082,0.02499,0.01851,1.39387,5.8785,1.14786,9.109e-05,9.109e-05,9.109e-05
29,186.794,1.34089,1.5781,1.39581,0.45849,0.04082,0.02435,0.01823,1.40826,6.09973,1.14694,9.076e-05,9.076e-05,9.076e-05
30,193.191,1.24505,1.54457,1.3258,0.4733,0.04082,0.0236,0.01924,1.44482,6.64737,1.14466,9.043e-05,9.043e-05,9.043e-05
31,199.608,1.3034,1.60946,1.38809,0.47294,0.04082,0.02358,0.01683,1.46367,6.8764,1.14094,9.01e-05,9.01e-05,9.01e-05
32,206,1.22898,1.42267,1.319,0.47708,0.04082,0.02405,0.01846,1.44598,6.95996,1.13198,8.977e-05,8.977e-05,8.977e-05
33,212.378,1.24494,1.55967,1.32515,0.47955,0.04082,0.02435,0.0187,1.43034,6.87828,1.12354,8.944e-05,8.944e-05,8.944e-05
34,218.718,1.08831,1.39162,1.23991,0.48289,0.04082,0.02451,0.01882,1.41937,6.80822,1.11395,8.911e-05,8.911e-05,8.911e-05
35,225.106,1.28041,1.47746,1.35466,0.48414,0.04082,0.02569,0.01789,1.43215,6.60205,1.11731,8.878e-05,8.878e-05,8.878e-05
36,231.488,1.17837,1.42971,1.3269,0.49613,0.04082,0.03394,0.02361,1.43413,6.3659,1.11213,8.845e-05,8.845e-05,8.845e-05
37,237.884,1.21099,1.37841,1.31492,0.49547,0.04082,0.03394,0.02361,1.42527,6.21641,1.10982,8.812e-05,8.812e-05,8.812e-05
38,244.291,1.20646,1.4827,1.31974,0.23945,0.05807,0.02769,0.01949,1.42776,5.94933,1.11556,8.779e-05,8.779e-05,8.779e-05
39,250.672,1.23423,1.46359,1.34764,0.25008,0.06122,0.02814,0.01886,1.39627,5.44039,1.11433,8.746e-05,8.746e-05,8.746e-05
40,257.032,1.26791,1.42678,1.35693,0.26249,0.06122,0.02936,0.02038,1.37568,5.04194,1.11411,8.713e-05,8.713e-05,8.713e-05
41,263.375,1.13447,1.34313,1.26505,0.28208,0.06122,0.02936,0.01853,1.36311,4.92522,1.10698,8.68e-05,8.68e-05,8.68e-05
42,269.759,1.31286,1.46066,1.37127,0.28839,0.06122,0.03019,0.01911,1.34817,4.74815,1.10716,8.647e-05,8.647e-05,8.647e-05
43,276.136,1.33996,1.54204,1.39773,0.21784,0.05711,0.02731,0.01666,1.365,4.73611,1.12255,8.614e-05,8.614e-05,8.614e-05
44,282.493,1.08777,1.29424,1.27485,0.48515,0.04082,0.02639,0.01585,1.43414,4.72707,1.14507,8.581e-05,8.581e-05,8.581e-05
45,288.855,1.15235,1.38196,1.28647,0.48445,0.04082,0.02639,0.01585,1.4932,4.79828,1.16525,8.548e-05,8.548e-05,8.548e-05
46,295.224,1.14402,1.323,1.26845,0.4841,0.04082,0.02639,0.01559,1.53919,4.92993,1.18301,8.515e-05,8.515e-05,8.515e-05
47,301.641,1.2172,1.41446,1.32025,0.48523,0.04082,0.0258,0.01522,1.57384,5.1342,1.19451,8.482e-05,8.482e-05,8.482e-05
48,308.002,1.14959,1.34934,1.27135,0.48738,0.04082,0.02617,0.01521,1.58496,5.24559,1.19619,8.449e-05,8.449e-05,8.449e-05
49,314.364,1.20732,1.39505,1.33832,0.49588,0.04082,0.03319,0.0195,1.58785,5.36188,1.19101,8.416e-05,8.416e-05,8.416e-05
50,320.756,1.17919,1.34482,1.30168,0.60286,0.04082,0.03292,0.02357,1.59544,5.50758,1.19631,8.383e-05,8.383e-05,8.383e-05
51,327.153,1.18327,1.34291,1.309,0.62353,0.04082,0.03136,0.02266,1.62113,5.82564,1.20957,8.35e-05,8.35e-05,8.35e-05
52,333.514,1.15454,1.24919,1.26418,0.62857,0.04082,0.03082,0.02238,1.62199,6.13337,1.22586,8.317e-05,8.317e-05,8.317e-05
53,339.909,1.08851,1.3426,1.26446,0.63003,0.04082,0.03062,0.02221,1.63039,6.39237,1.23312,8.284e-05,8.284e-05,8.284e-05
54,346.285,1.06783,1.2563,1.2237,0.63863,0.04082,0.03037,0.02293,1.62516,6.88247,1.2271,8.251e-05,8.251e-05,8.251e-05
55,352.686,1.1789,1.29692,1.28444,0.64123,0.04082,0.03029,0.02288,1.57712,7.38792,1.19693,8.218e-05,8.218e-05,8.218e-05
56,359.071,1.17604,1.35811,1.30007,0.64593,0.04082,0.0303,0.02289,1.5374,7.70537,1.17071,8.185e-05,8.185e-05,8.185e-05
57,365.444,1.13383,1.2233,1.27119,0.64747,0.04082,0.04532,0.03673,1.50827,7.89078,1.15705,8.152e-05,8.152e-05,8.152e-05
58,371.862,1.09125,1.27289,1.22343,0.65999,0.04082,0.04539,0.03678,1.44199,8.03149,1.12116,8.119e-05,8.119e-05,8.119e-05
59,378.283,1.07124,1.17875,1.20287,0.65943,0.04082,0.04541,0.03429,1.39021,8.45274,1.10278,8.086e-05,8.086e-05,8.086e-05
60,384.672,1.08215,1.26438,1.23958,0.66118,0.04082,0.04541,0.03429,1.40347,8.80486,1.09869,8.053e-05,8.053e-05,8.053e-05
61,391.054,1.13052,1.27778,1.26409,0.65615,0.04082,0.0454,0.03431,1.42204,8.90509,1.10114,8.02e-05,8.02e-05,8.02e-05
62,397.426,1.16404,1.20791,1.25628,0.6452,0.04082,0.03877,0.02967,1.49438,8.8632,1.11812,7.987e-05,7.987e-05,7.987e-05
63,403.821,1.04411,1.24409,1.21577,0.64423,0.04082,0.03918,0.02743,1.55256,8.15852,1.13035,7.954e-05,7.954e-05,7.954e-05
64,410.228,1.0807,1.21089,1.2444,0.64597,0.04082,0.03087,0.02161,1.5794,7.49994,1.13458,7.921e-05,7.921e-05,7.921e-05
65,416.595,0.9408,1.17463,1.17008,0.64643,0.04082,0.03073,0.01974,1.59731,7.26092,1.13716,7.888e-05,7.888e-05,7.888e-05
66,422.973,1.08288,1.1853,1.20778,0.64434,0.04082,0.03083,0.01981,1.63758,6.61519,1.14538,7.855e-05,7.855e-05,7.855e-05
67,429.366,1.08603,1.24609,1.23265,0.6368,0.04082,0.03106,0.01996,1.70337,6.2358,1.16665,7.822e-05,7.822e-05,7.822e-05
68,435.721,1.04303,1.11576,1.20674,0.62751,0.04082,0.03075,0.01929,1.7396,6.08919,1.18184,7.789e-05,7.789e-05,7.789e-05
69,442.063,0.92435,1.03824,1.13582,0.62678,0.04082,0.03073,0.01928,1.75048,6.01987,1.18733,7.756e-05,7.756e-05,7.756e-05
70,448.426,1.13985,1.23996,1.2485,0.61821,0.04082,0.03065,0.01923,1.74608,5.94931,1.18867,7.723e-05,7.723e-05,7.723e-05
71,454.829,0.95885,1.10252,1.15101,0.60863,0.04082,0.03051,0.01914,1.72708,5.99141,1.18449,7.69e-05,7.69e-05,7.69e-05
72,461.21,1.03211,1.0948,1.19256,0.60956,0.04082,0.03037,0.01908,1.69576,6.32087,1.17326,7.657e-05,7.657e-05,7.657e-05
73,467.566,1.06349,1.15316,1.20975,0.61188,0.04082,0.03038,0.01908,1.69375,6.40657,1.17319,7.624e-05,7.624e-05,7.624e-05
74,473.97,1.08588,1.19548,1.24906,0.63866,0.04082,0.03033,0.01905,1.6725,6.7978,1.16978,7.591e-05,7.591e-05,7.591e-05
75,480.394,1.24036,1.28102,1.30838,0.63612,0.04082,0.03864,0.02404,1.68605,7.19675,1.17647,7.558e-05,7.558e-05,7.558e-05
76,486.762,0.96714,1.06425,1.13018,0.63392,0.04082,0.03029,0.01901,1.70788,7.5225,1.20053,7.525e-05,7.525e-05,7.525e-05
77,493.139,1.05315,1.16729,1.24732,0.63434,0.04082,0.03026,0.019,1.72973,7.52412,1.20782,7.492e-05,7.492e-05,7.492e-05
78,499.527,0.98949,1.1217,1.14102,0.63289,0.04082,0.03023,0.01898,1.75159,7.50725,1.21939,7.459e-05,7.459e-05,7.459e-05
79,505.898,1.02811,1.10662,1.19193,0.6348,0.04082,0.03855,0.02397,1.73419,7.39933,1.21637,7.426e-05,7.426e-05,7.426e-05
80,512.271,0.95297,1.19234,1.14434,0.63766,0.04082,0.03856,0.02398,1.7128,7.06124,1.2087,7.393e-05,7.393e-05,7.393e-05
81,518.625,1.00262,1.09511,1.18345,0.63952,0.04082,0.03856,0.02397,1.69971,6.78592,1.20644,7.36e-05,7.36e-05,7.36e-05
82,524.989,1.04612,1.09226,1.21314,0.64215,0.04082,0.03856,0.02397,1.684,6.26205,1.20773,7.327e-05,7.327e-05,7.327e-05
83,531.374,1.11363,1.15112,1.23679,0.64264,0.04082,0.0386,0.02401,1.67955,5.79601,1.21067,7.294e-05,7.294e-05,7.294e-05
84,537.75,1.01651,1.02483,1.18286,0.64081,0.04082,0.03864,0.02404,1.65555,5.65304,1.2192,7.261e-05,7.261e-05,7.261e-05
85,544.121,1.02444,1.1049,1.1639,0.63783,0.04082,0.03868,0.02406,1.66134,5.5746,1.22279,7.228e-05,7.228e-05,7.228e-05
86,550.516,0.99543,1.07431,1.18766,0.64354,0.04082,0.04542,0.02853,1.65786,5.29245,1.22887,7.195e-05,7.195e-05,7.195e-05
87,556.874,0.98193,1.05222,1.18894,0.67337,0.04082,0.04543,0.02854,1.66054,5.04666,1.23831,7.162e-05,7.162e-05,7.162e-05
88,563.238,1.03685,1.16118,1.17866,0.75794,0.04082,0.04546,0.02856,1.67453,4.832,1.23391,7.129e-05,7.129e-05,7.129e-05
89,569.593,0.97911,1.00509,1.17438,0.78357,0.04082,0.04545,0.02855,1.67923,4.81461,1.23527,7.096e-05,7.096e-05,7.096e-05
90,575.978,1.01459,1.08944,1.17761,0.78625,0.04082,0.04544,0.02855,1.70822,4.79605,1.24025,7.063e-05,7.063e-05,7.063e-05
91,582.341,0.92305,1.01272,1.15453,0.76161,0.04082,0.04537,0.0285,1.7326,4.84602,1.24367,7.03e-05,7.03e-05,7.03e-05
92,588.704,1.02924,1.07373,1.19397,0.78739,0.04082,0.04527,0.02842,1.76315,4.88808,1.25337,6.997e-05,6.997e-05,6.997e-05
93,595.062,1.03292,1.13469,1.18824,0.76595,0.04082,0.04526,0.02841,1.76629,4.91485,1.25472,6.964e-05,6.964e-05,6.964e-05
94,601.431,1.13284,1.22352,1.24048,0.81061,0.04082,0.04522,0.02839,1.79681,5.08483,1.26226,6.931e-05,6.931e-05,6.931e-05
95,607.817,0.97747,1.06737,1.17045,0.83582,0.04082,0.0452,0.02837,1.80331,5.30929,1.26363,6.898e-05,6.898e-05,6.898e-05
96,614.177,0.96913,1.0285,1.14964,0.8578,0.04082,0.04518,0.02836,1.79884,5.46579,1.25741,6.865e-05,6.865e-05,6.865e-05
97,620.556,1.06046,1.18562,1.22199,0.87886,0.04082,0.04518,0.02836,1.77438,5.44742,1.24473,6.832e-05,6.832e-05,6.832e-05
98,626.937,0.93207,1.01217,1.1213,0.83545,0.04082,0.04518,0.02836,1.75852,5.54972,1.23229,6.799e-05,6.799e-05,6.799e-05
99,633.325,1.00869,0.99493,1.16914,0.81163,0.04082,0.04518,0.02837,1.74284,5.70548,1.22581,6.766e-05,6.766e-05,6.766e-05
100,639.682,0.9951,1.00617,1.12394,0.79655,0.04082,0.04518,0.02836,1.71707,5.76325,1.21384,6.733e-05,6.733e-05,6.733e-05
101,646.046,0.97962,0.9816,1.11783,0.78715,0.04082,0.04519,0.02837,1.70706,5.7035,1.20824,6.7e-05,6.7e-05,6.7e-05
102,652.416,1.00718,1.00372,1.14961,0.7449,0.04082,0.04521,0.02839,1.67873,5.57361,1.1937,6.667e-05,6.667e-05,6.667e-05
103,658.776,0.97255,1.11465,1.17394,0.73677,0.04082,0.04524,0.02841,1.65453,5.53136,1.17,6.634e-05,6.634e-05,6.634e-05
104,665.125,0.97235,0.9921,1.15259,0.71561,0.04082,0.04528,0.02843,1.64366,5.4278,1.16458,6.601e-05,6.601e-05,6.601e-05
105,671.481,1.0628,1.07809,1.17699,0.73509,0.04082,0.04529,0.02844,1.64436,5.38976,1.16465,6.568e-05,6.568e-05,6.568e-05
106,677.853,1.01236,1.07458,1.19166,0.73768,0.04082,0.04531,0.02846,1.64264,5.47243,1.16278,6.535e-05,6.535e-05,6.535e-05
107,684.343,1.04409,1.10214,1.1914,0.75833,0.04082,0.04526,0.02843,1.64606,5.59228,1.16937,6.502e-05,6.502e-05,6.502e-05
108,690.811,1.03278,1.05809,1.17427,0.771,0.04082,0.04524,0.02841,1.65484,5.74269,1.17099,6.469e-05,6.469e-05,6.469e-05
109,697.251,1.02013,1.06432,1.1786,0.78694,0.04082,0.04524,0.02841,1.65149,5.73942,1.16832,6.436e-05,6.436e-05,6.436e-05
110,703.706,0.90291,1.02431,1.12062,0.83901,0.04082,0.04524,0.02841,1.62712,5.77064,1.15741,6.403e-05,6.403e-05,6.403e-05
111,710.172,0.95598,1.01539,1.15841,0.86136,0.04082,0.04523,0.0284,1.60314,5.56463,1.14661,6.37e-05,6.37e-05,6.37e-05
112,716.639,0.9786,0.97869,1.13471,0.86452,0.04082,0.04523,0.02841,1.57565,5.25825,1.13722,6.337e-05,6.337e-05,6.337e-05
113,722.998,1.06219,1.0759,1.22704,0.85385,0.04082,0.04525,0.02842,1.56573,5.13593,1.13075,6.304e-05,6.304e-05,6.304e-05
114,729.399,1.06429,1.11544,1.17847,0.85608,0.04082,0.04527,0.02843,1.54859,4.84333,1.12616,6.271e-05,6.271e-05,6.271e-05
115,735.757,0.95005,0.97061,1.09719,0.84218,0.04082,0.04527,0.02843,1.55708,4.69114,1.12837,6.238e-05,6.238e-05,6.238e-05
116,742.152,1.05562,1.09777,1.18585,0.82092,0.04082,0.04528,0.02844,1.58799,4.53235,1.13949,6.205e-05,6.205e-05,6.205e-05
117,748.514,0.95989,0.99033,1.1577,0.82196,0.04082,0.04527,0.02843,1.58528,4.52758,1.15009,6.172e-05,6.172e-05,6.172e-05
118,754.914,0.98733,1.08608,1.14979,0.84278,0.04082,0.04524,0.02841,1.60987,4.56969,1.1619,6.139e-05,6.139e-05,6.139e-05
119,761.258,0.93393,1.05003,1.12976,0.85451,0.04082,0.04526,0.02842,1.63448,4.62009,1.17014,6.106e-05,6.106e-05,6.106e-05
120,767.653,0.99339,1.0239,1.18534,0.85073,0.04082,0.04524,0.02966,1.61827,4.61402,1.16703,6.073e-05,6.073e-05,6.073e-05
121,774.015,0.92623,0.96681,1.16768,0.86494,0.04082,0.04523,0.02964,1.61191,4.61382,1.16772,6.04e-05,6.04e-05,6.04e-05
122,780.391,0.92865,1.02107,1.14329,0.86663,0.04082,0.04521,0.02964,1.60236,4.52763,1.17472,6.007e-05,6.007e-05,6.007e-05
123,786.765,0.97945,1.02282,1.1686,0.8662,0.04082,0.04522,0.02963,1.57224,4.45581,1.16648,5.974e-05,5.974e-05,5.974e-05
124,793.148,1.08283,1.10027,1.20614,0.86746,0.04082,0.04521,0.02963,1.54896,4.4496,1.16441,5.941e-05,5.941e-05,5.941e-05
125,799.565,0.98106,0.99157,1.17108,0.86384,0.04082,0.04521,0.02964,1.54393,4.40759,1.1642,5.908e-05,5.908e-05,5.908e-05
126,806.025,0.87567,0.86465,1.08991,0.85676,0.04082,0.04519,0.02963,1.52803,4.4369,1.17783,5.875e-05,5.875e-05,5.875e-05
127,812.485,0.87171,0.96526,1.12334,0.82953,0.04082,0.04519,0.02962,1.55659,4.44418,1.19497,5.842e-05,5.842e-05,5.842e-05
128,818.932,0.93131,0.9044,1.12093,0.77089,0.04082,0.04518,0.02962,1.57075,4.50058,1.2007,5.809e-05,5.809e-05,5.809e-05
129,825.354,0.92562,0.99914,1.16353,0.73966,0.04082,0.04519,0.02962,1.56564,4.57083,1.19768,5.776e-05,5.776e-05,5.776e-05
130,831.727,0.88209,0.90145,1.09993,0.66291,0.04082,0.04528,0.02838,1.57642,4.7289,1.19971,5.743e-05,5.743e-05,5.743e-05
131,838.118,0.92074,0.94306,1.14441,0.6519,0.04082,0.04517,0.02837,1.56933,4.90321,1.19297,5.71e-05,5.71e-05,5.71e-05
132,844.489,0.95742,0.97296,1.10529,0.6445,0.04082,0.04526,0.02837,1.58249,5.16183,1.19798,5.677e-05,5.677e-05,5.677e-05
133,850.894,0.9378,1.00776,1.13707,0.64154,0.04082,0.04526,0.02837,1.5785,5.33097,1.19623,5.644e-05,5.644e-05,5.644e-05
134,857.295,0.93759,0.94384,1.12907,0.64067,0.04082,0.03859,0.02395,1.58392,5.5081,1.1914,5.611e-05,5.611e-05,5.611e-05
135,863.689,0.84187,0.92426,1.10707,0.63972,0.04082,0.03859,0.02479,1.57754,5.69199,1.17346,5.578e-05,5.578e-05,5.578e-05
136,870.064,0.84407,0.89199,1.08935,0.63976,0.04082,0.03859,0.02479,1.56021,5.90192,1.17937,5.545e-05,5.545e-05,5.545e-05
137,876.42,0.9436,0.96209,1.13563,0.63873,0.04082,0.03859,0.02479,1.5529,6.01334,1.17579,5.512e-05,5.512e-05,5.512e-05
138,882.826,0.90539,0.93019,1.10775,0.63448,0.04082,0.03858,0.02479,1.55647,6.25595,1.17725,5.479e-05,5.479e-05,5.479e-05
139,889.196,1.03995,1.05,1.18162,0.63389,0.04082,0.03025,0.02196,1.54997,6.12032,1.16765,5.446e-05,5.446e-05,5.446e-05
140,895.543,0.9554,0.97223,1.15943,0.6356,0.04082,0.03025,0.02196,1.54829,5.9561,1.16992,5.413e-05,5.413e-05,5.413e-05
141,901.895,0.95642,0.99839,1.16006,0.63524,0.04082,0.03025,0.02196,1.54493,5.88811,1.16858,5.38e-05,5.38e-05,5.38e-05
142,908.269,0.91876,0.9327,1.121,0.63655,0.04082,0.03859,0.0278,1.56439,5.73903,1.16251,5.347e-05,5.347e-05,5.347e-05
143,914.646,0.86874,0.8671,1.08454,0.63868,0.04082,0.03859,0.0278,1.56149,5.58511,1.16124,5.314e-05,5.314e-05,5.314e-05
144,921.038,0.9482,0.96917,1.11212,0.63812,0.04082,0.03861,0.0278,1.54063,5.58648,1.14949,5.281e-05,5.281e-05,5.281e-05
145,927.394,0.98476,0.95923,1.17569,0.63893,0.04082,0.03862,0.02781,1.537,5.56537,1.15066,5.248e-05,5.248e-05,5.248e-05
146,933.794,0.86635,0.94669,1.11178,0.64001,0.04082,0.03852,0.0278,1.52215,5.44117,1.14873,5.215e-05,5.215e-05,5.215e-05
147,940.19,0.91153,0.94011,1.12345,0.64469,0.04082,0.04518,0.03288,1.52181,5.41039,1.15306,5.182e-05,5.182e-05,5.182e-05
148,946.574,0.97103,0.99606,1.16661,0.6559,0.04082,0.04518,0.03288,1.51811,5.37268,1.15761,5.149e-05,5.149e-05,5.149e-05
149,952.915,0.91869,0.90644,1.10951,0.66198,0.04082,0.04519,0.03289,1.50179,5.308,1.15266,5.116e-05,5.116e-05,5.116e-05
150,959.296,0.9114,0.95353,1.12567,0.71861,0.04082,0.0452,0.0329,1.46654,5.20426,1.14087,5.083e-05,5.083e-05,5.083e-05
151,965.68,0.8107,0.87935,1.09098,0.81102,0.04082,0.04522,0.03291,1.43593,5.07139,1.12896,5.05e-05,5.05e-05,5.05e-05
152,972.051,0.92002,0.94759,1.10976,0.81394,0.04082,0.04523,0.03292,1.45107,4.8813,1.13197,5.017e-05,5.017e-05,5.017e-05
153,978.402,0.97643,0.98497,1.12255,0.81737,0.04082,0.04525,0.03293,1.4594,4.81394,1.12389,4.984e-05,4.984e-05,4.984e-05
154,984.757,0.93863,0.91,1.12594,0.82777,0.04082,0.04527,0.03295,1.46783,4.80411,1.12273,4.951e-05,4.951e-05,4.951e-05
155,991.124,0.92953,0.97393,1.14222,0.81927,0.04082,0.0454,0.03296,1.49489,4.88473,1.12479,4.918e-05,4.918e-05,4.918e-05
156,997.5,0.93533,0.96822,1.12788,0.78542,0.04082,0.04542,0.02971,1.50827,4.98789,1.12411,4.885e-05,4.885e-05,4.885e-05
157,1003.85,0.83734,0.84637,1.12022,0.78557,0.04082,0.04542,0.02845,1.51674,5.00953,1.12515,4.852e-05,4.852e-05,4.852e-05
158,1010.24,0.80446,0.85627,1.08027,0.80266,0.04082,0.04545,0.02847,1.53764,4.73423,1.11134,4.819e-05,4.819e-05,4.819e-05
